{
  "project" : {
    "id" : "todo_canvas_app-1095090-GcB",
    "name" : "todo_canvas_app-1095090-GcB",
    "folder" : "/jaicp"
  },
  "settings" : {
    "language" : "ru",
    "spellingCorrection" : false,
    "classificationAlgorithm" : "sts",
    "timezone" : "UTC",
    "businessShared" : false,
    "business" : false
  },
  "intents" : [ {
    "id" : 591418,
    "path" : "/Add",
    "answer" : "Спасибо, данные сохранены",
    "enabled" : false,
    "businessShared" : false,
    "business" : false,
    "phrases" : [ {
      "text" : "Тестирование интента"
    }, {
      "text" : "Тестирование"
    }, {
      "text" : "тест"
    } ],
    "patterns" : [ ],
    "slots" : [ {
      "name" : "name",
      "entity" : "Название_Таблетки",
      "required" : true,
      "prompts" : [ "Скажите название таблетки" ],
      "array" : false,
      "client" : false
    }, {
      "name" : "datestart",
      "entity" : "duckling.date",
      "required" : true,
      "prompts" : [ "Скажите дату начала приема" ],
      "array" : false,
      "client" : false
    }, {
      "name" : "duration",
      "entity" : "duckling.number",
      "required" : true,
      "prompts" : [ "Сколько дней вам нужно ее принимать" ],
      "array" : false,
      "client" : false
    }, {
      "name" : "doza",
      "entity" : "duckling.number",
      "required" : true,
      "prompts" : [ "Дозировка?" ],
      "array" : false,
      "client" : false
    }, {
      "name" : "time",
      "entity" : "duckling.time",
      "required" : true,
      "prompts" : [ "Скажите время приема таблеток" ],
      "array" : true,
      "client" : false
    } ]
  }, {
    "id" : 591419,
    "path" : "/add_time",
    "enabled" : true,
    "businessShared" : false,
    "business" : false,
    "phrases" : [ ],
    "patterns" : [ ],
    "slots" : [ {
      "name" : "time",
      "entity" : "duckling.time",
      "required" : true,
      "prompts" : [ "Скажите время приема" ],
      "array" : true,
      "client" : false
    } ]
  } ],
  "entities" : [ ],
  "enabledSystemEntities" : [ "duckling.number", "duckling.time", "duckling.duration", "duckling.phone-number", "duckling.email", "duckling.url", "duckling.date", "mystem.persn", "mystem.famn" ]
}